<?xml version='1.0' encoding='UTF-8' standalone='yes'?>
<WORKSPACE>
 <FRAME activewindow="1">
  <PLACEMENT>2c0000000200000003000000ffffffffffffffffffffffffffffffff000000000900000000040000d0020000</PLACEMENT>
  <WINDOW type="default" module="STARTUP"/>
  <WINDOW type="default" module="ISIS"/>
 </FRAME>
 <MODULE name="VSMDEBUG">
  <PWI>
   <POPUP w="800" x="68" flags="00000002" y="157" h="200" pid="0" iid="-1">
    <PROPERTIES>
     <ITEM name="Message Column Width">663</ITEM>
     <ITEM name="ShowGrid">No</ITEM>
     <ITEM name="Source Column Width">100</ITEM>
     <ITEM name="Version">100</ITEM>
    </PROPERTIES>
   </POPUP>
   <POPUP w="350" x="88" flags="00000032" y="177" h="200" pid="1" iid="-1">
    <PROPERTIES>
     <ITEM name="Address Column Width">83</ITEM>
     <ITEM name="AutoResize">No</ITEM>
     <ITEM name="Gridlines">Yes</ITEM>
     <ITEM name="Name Column Width">83</ITEM>
     <ITEM name="ShowAddresses">Yes</ITEM>
     <ITEM name="ShowPreviousValues">No</ITEM>
     <ITEM name="ShowTypes">No</ITEM>
     <ITEM name="ShowWatchPoint">Yes</ITEM>
     <ITEM name="TriggerMode">0</ITEM>
     <ITEM name="Value Column Width">83</ITEM>
     <ITEM name="Version">100</ITEM>
     <ITEM name="Watch Expression Column Width">83</ITEM>
     <ITEM name="nItems">0</ITEM>
    </PROPERTIES>
   </POPUP>
   <POPUP w="226" x="108" flags="00000008" y="197" h="215" pid="3" iid="1">
    <PROPERTIES/>
   </POPUP>
   <POPUP w="8" x="128" flags="0000000a" y="217" h="1" pid="10" iid="1">
    <PROPERTIES>
     <ITEM name="DataType">2</ITEM>
     <ITEM name="DispChars">Yes</ITEM>
     <ITEM name="DispFormat">2</ITEM>
     <ITEM name="ShowChanges">Yes</ITEM>
     <ITEM name="ShowToolTips">Yes</ITEM>
     <ITEM name="TopLineAddress">00000000</ITEM>
    </PROPERTIES>
   </POPUP>
   <POPUP w="8" x="148" flags="0000000a" y="237" h="32" pid="6" iid="1">
    <PROPERTIES>
     <ITEM name="DataType">2</ITEM>
     <ITEM name="DispChars">Yes</ITEM>
     <ITEM name="DispFormat">2</ITEM>
     <ITEM name="ShowChanges">Yes</ITEM>
     <ITEM name="ShowToolTips">Yes</ITEM>
     <ITEM name="TopLineAddress">00000000</ITEM>
    </PROPERTIES>
   </POPUP>
   <POPUP w="16" x="168" flags="0000000a" y="257" h="32" pid="7" iid="1">
    <PROPERTIES>
     <ITEM name="DataType">2</ITEM>
     <ITEM name="DispChars">Yes</ITEM>
     <ITEM name="DispFormat">2</ITEM>
     <ITEM name="ShowChanges">Yes</ITEM>
     <ITEM name="ShowToolTips">Yes</ITEM>
     <ITEM name="TopLineAddress">00000000</ITEM>
    </PROPERTIES>
   </POPUP>
   <POPUP w="16" x="188" flags="00000000" y="277" h="32" pid="14" iid="1">
    <PROPERTIES>
     <ITEM name="DataType">2</ITEM>
     <ITEM name="DispChars">Yes</ITEM>
     <ITEM name="DispFormat">2</ITEM>
     <ITEM name="ShowChanges">Yes</ITEM>
     <ITEM name="ShowToolTips">Yes</ITEM>
     <ITEM name="TopLineAddress">00000000</ITEM>
    </PROPERTIES>
   </POPUP>
   <POPUP w="16" x="208" flags="0000000a" y="297" h="32" pid="4" iid="1">
    <PROPERTIES>
     <ITEM name="DataType">2</ITEM>
     <ITEM name="DispChars">Yes</ITEM>
     <ITEM name="DispFormat">2</ITEM>
     <ITEM name="ShowChanges">Yes</ITEM>
     <ITEM name="ShowToolTips">Yes</ITEM>
     <ITEM name="TopLineAddress">00000060</ITEM>
    </PROPERTIES>
   </POPUP>
   <POPUP w="16" x="228" flags="0000000a" y="317" h="8" pid="13" iid="1">
    <PROPERTIES>
     <ITEM name="DataType">2</ITEM>
     <ITEM name="DispChars">Yes</ITEM>
     <ITEM name="DispFormat">2</ITEM>
     <ITEM name="ShowChanges">Yes</ITEM>
     <ITEM name="ShowToolTips">Yes</ITEM>
     <ITEM name="TopLineAddress">00000020</ITEM>
    </PROPERTIES>
   </POPUP>
   <POPUP w="600" x="248" flags="0000002b" y="328" h="400" pid="1" iid="1">
    <PROPERTIES>
     <ITEM name="CaseSensitive">No</ITEM>
     <ITEM name="DISPADDRS">Yes</ITEM>
     <ITEM name="DISPLNUMS">No</ITEM>
     <ITEM name="DISPOPCODES">No</ITEM>
     <ITEM name="FIXUPBPTS">Yes</ITEM>
     <ITEM name="WordsOnly">No</ITEM>
     <ITEM name="nBreakpoints">0</ITEM>
    </PROPERTIES>
   </POPUP>
   <POPUP w="300" x="268" flags="0000000b" y="357" h="300" pid="2" iid="1">
    <PROPERTIES>
     <ITEM name="Address Column Width">94</ITEM>
     <ITEM name="AutoResize">No</ITEM>
     <ITEM name="Gridlines">Yes</ITEM>
     <ITEM name="Name Column Width">94</ITEM>
     <ITEM name="ShowAddresses">Yes</ITEM>
     <ITEM name="ShowGlobals">Yes</ITEM>
     <ITEM name="ShowPreviousValues">No</ITEM>
     <ITEM name="ShowTypes">No</ITEM>
     <ITEM name="ShowWatchPoint">No</ITEM>
     <ITEM name="TriggerMode">0</ITEM>
     <ITEM name="Value Column Width">94</ITEM>
     <ITEM name="Version">100</ITEM>
     <ITEM name="nItems">0</ITEM>
    </PROPERTIES>
   </POPUP>
  </PWI>
 </MODULE>
</WORKSPACE>
